رقم الصورة,اسم الفنان
1,محمد صالح المحيمد الرجب
2,صابر عبد الرحمان تنك ريز
3,امير احمد يوسف عمران
4,جياد امجد شعبان ابراهيم عطيه
5,يامن حسام فهمي محمود الزرقا
6,سيف محمد اسامه حامد حمص
7,طلال حسين ناصر حاج
8,محمدزين احمد عباس النور
9,هارون امين صالح امين محمد
10,احمد شهاب احمد محمود محمد
11,احمد مهيد عباس عبدالله الحسن
12,عدى شهاب احمد محمود محمد
13,محمد علاء ابراهيم مشعل
14,ورد محمد احمد
15,حمزه مصطفى فتحى عبدالعزيز عبدالغنى
16,بلال صلاح محمد بيومى عبدالوهاب
17,ادم محمد اسامه حامد حمص
18,ياسين احمد صبحى احمد احمد
19,ادهم محمد احمد حلمى امام
20,المجتبى حسن عبيد حسن
21,محمد هشام عبدالحليم على على
22,ابراهيم علاء ابراهيم مشعل
23,محمد الامين مجدوب
24,أبراهيم محمود محمد مصطفي محمد
25,محمد احمد محمد عبد الفتاح محمود
26,جاسم سيف ناصر الدرعى الكعبى
27,يوسف مصطفى فتحى عبدالعزيز عبدالغنى
28,محمد اسلام محمد حسن عبدالله
29,انس بلال جبر رصرص
30,عباس مهيد عباس عبدالله الحسن
31,محمد عمر فتحى محمد حسين
32,محمد جمال محمد اسماعيل العمادى
33,أحمد مصطفى أحمد عثمان
34,عدي علاء عودة الاسماعيل
35,عمر عبدالعزيز عيسى صبري جمعه
36,زياد حسن محمد أسماعيل رضوان
37,محمد خلف مصلح السداح
38,محمد السيد محمد علي أحمد
39,محمد مصطفى أحمد عثمان
40,مزمل نور احمد
41,قصي علاء عودة الاسماعيل
42,مالك احمد عبدالحميد عوض متولى
43,يامن يحيى عوض فرج بلوط
44,عبدالرحمن احمد جمال سيد
